{"LastTradeTime": {"min_val": 1859.3888227513228, "max_val": 4207.161160714286}, "Bonsai Ratio": {"min_val": 0.0, "max_val": 119016.721605}, "Bonsai Ratio 2": {"min_val": 0.00045333333333333337, "max_val": 17.77098}, "B1/B2": {"min_val": 6.666666666666667e-05, "max_val": 303929.6139}, "PCRv Up4": {"min_val": 0.0, "max_val": 3.4395000000000002}, "PCRv Down4": {"min_val": 0.45533333333333337, "max_val": 1938.4995000000001}, "ITM PCRv Up2": {"min_val": 0.0, "max_val": 22.940042454650715}, "ITM PCRv Down2": {"min_val": 0.07160415830203974, "max_val": 1379.3837471783297}, "ITM PCRv Up4": {"min_val": 0.0, "max_val": 4.645027993114063}, "ITM PCRv Down4": {"min_val": 0.5257097728751025, "max_val": 3923.9503816793895}, "RSI14": {"min_val": 7.340258716608389, "max_val": 134.81961970259889}, "AwesomeOsc5_34": {"min_val": -2.4787169117647068, "max_val": 2.5949845588234552}, "RSI": {"min_val": 1.40339228952944, "max_val": 148.4166029160636}, "RSI2": {"min_val": 0.017864761126692934, "max_val": 149.9956218024345}, "AwesomeOsc": {"min_val": -1.5232499999999614, "max_val": 2.1061799999999664}}