{"LastTradeTime": {"min_val": 1859.3888227513228, "max_val": 4207.16130952381}, "Bonsai Ratio": {"min_val": 0.0, "max_val": 93823.51434}, "Bonsai Ratio 2": {"min_val": 0.00045333333333333337, "max_val": 17.77098}, "B1/B2": {"min_val": 0.0, "max_val": 299342.78055}, "PCRv Up4": {"min_val": 0.0, "max_val": 3.5595000000000003}, "PCRv Down4": {"min_val": 0.26666666666666666, "max_val": 1938.4995000000001}, "ITM PCRv Up2": {"min_val": 0.0, "max_val": 22.940042454650715}, "ITM PCRv Down2": {"min_val": 0.017495899398578398, "max_val": 1395.0138568129332}, "ITM PCRv Up4": {"min_val": 0.0, "max_val": 4.645027993114063}, "ITM PCRv Down4": {"min_val": 0.18487394957983194, "max_val": 3923.9503816793895}, "RSI14": {"min_val": 7.340258716608389, "max_val": 134.24153249509817}, "AwesomeOsc5_34": {"min_val": -2.4709102941176013, "max_val": 2.5949845588234552}, "RSI": {"min_val": 1.40339228952944, "max_val": 147.49732878558575}, "RSI2": {"min_val": 0.0147689814116442, "max_val": 149.9956218024345}, "AwesomeOsc": {"min_val": -1.5232499999999614, "max_val": 2.1061799999999664}}